"CARGO";"CARGO.RESUMIDO"
"A.G.P.P. N-I M10";"A.G.P.P."
"A.G.P.P. N-I M5";"A.G.P.P."
"A.G.P.P. N-I M6";"A.G.P.P."
"A.G.P.P. N-I M7";"A.G.P.P."
"A.G.P.P. N-I M8";"A.G.P.P."
"A.G.P.P. N-I M9";"A.G.P.P."
"A.G.P.P. N-II M12";"A.G.P.P."
"A.G.P.P. N-II M13";"A.G.P.P."
"A.G.P.P. N-II M14";"A.G.P.P."
"A.SUP.TEC. N-II M12";"A.SUP.TEC. N-II M12"
"ADM.CEMITERIO/DAI-06";"ADMINISTRADOR"
"ADMINIST TECN DE PROJETOS I";"ADMINISTRADOR"
"ADMINIST TECN DE PROJETOS II";"ADMINISTRADOR"
"ADMINIST TECN DE PROJETOS III";"ADMINISTRADOR"
"ADMINIST TECN DE PROJETOS IV";"ADMINISTRADOR"
"Advogado";"ADVOGADO"
"ADVOGADO";"ADVOGADO"
"ADVOGADO I";"ADVOGADO"
"ADVOGADO II";"ADVOGADO"
"ADVOGADO III";"ADVOGADO"
"ADVOGADO IV";"ADVOGADO"
"ADVOGADO JR";"ADVOGADO"
"ADVOGADO MASTER";"ADVOGADO"
"ADVOGADO PL - TRABALHISTA";"ADVOGADO"
"ADVOGADO PL - TRIBUTARIO";"ADVOGADO"
"ADVOGADO SR";"ADVOGADO"
"ADVOGADO SR  - CÍVEL";"ADVOGADO"
"ADVOGADO SR - TRABALHISTA";"ADVOGADO"
"AG. APOIO N-I CAT.1";"AGENTE"
"AG. APOIO N-I CAT.2";"AGENTE"
"AG. APOIO N-I CAT.3";"AGENTE"
"AG. APOIO N-I CAT.4";"AGENTE"
"AG. APOIO N-I CAT.5";"AGENTE"
"AG. APOIO N-II CAT.1";"AGENTE"
"AG. APOIO N-II CAT.2";"AGENTE"
"AG. APOIO N-II CAT.3";"AGENTE"
"AG. APOIO N-II CAT.4";"AGENTE"
"AG. APOIO N-II CAT.5";"AGENTE"
"AGENTE COPA";"AGENTE"
"Agente de Administração - Armazenagem";"AGENTE"
"Agente de Apoio";"AGENTE"
"AGENTE DE APOIO";"AGENTE"
"Agente de Apoio - Armazenagem";"AGENTE"
"AGENTE DE APOIO - ASCENSORISTA";"AGENTE"
"AGENTE DE APOIO - AUX DE ALVENARIA";"AGENTE"
"AGENTE DE APOIO - AUX DE COZINHA";"AGENTE"
"AGENTE DE APOIO - AUX DE PINTURA";"AGENTE"
"AGENTE DE APOIO - AUX DE SERV GERAIS (MENSAGEIRO)";"AGENTE"
"AGENTE DE APOIO - AUX SERV HOSPITALAR";"AGENTE"
"AGENTE DE APOIO - BARBEIRO";"AGENTE"
"Agente de Apoio - Caldeira";"AGENTE"
"AGENTE DE APOIO - CALDEREIRO";"AGENTE"
"AGENTE DE APOIO - CARPINTEIRO";"AGENTE"
"AGENTE DE APOIO - COPEIRO HOSPITALAR";"AGENTE"
"AGENTE DE APOIO - COSTUREIRO";"AGENTE"
"AGENTE DE APOIO - COZINHEIRO";"AGENTE"
"AGENTE DE APOIO - ELETRICISTA";"AGENTE"
"AGENTE DE APOIO - ENCANADOR";"AGENTE"
"AGENTE DE APOIO - FUNILEIRO";"AGENTE"
"AGENTE DE APOIO - GUARDA DE SEGURANCA";"AGENTE"
"AGENTE DE APOIO - JARDINEIRO";"AGENTE"
"AGENTE DE APOIO - MARCENEIRO";"AGENTE"
"AGENTE DE APOIO - MECANICO ESPECIALIZADO";"AGENTE"
"Agente de Apoio - Motorista";"AGENTE"
"AGENTE DE APOIO - MOTORISTA";"AGENTE"
"AGENTE DE APOIO - OPERADOR DE MAQUINAS (LAVAND)";"AGENTE"
"AGENTE DE APOIO - PEDREIRO";"AGENTE"
"AGENTE DE APOIO - PINTOR";"AGENTE"
"AGENTE DE APOIO - SERRALHEIRO";"AGENTE"
"Agente de Apoio - Serv Gerais";"AGENTE"
"Agente de Apoio - Telefonista";"AGENTE"
"AGENTE DE APOIO - TELEFONISTA";"AGENTE"
"AGENTE DE APOIO - VIDRACEIRO";"AGENTE"
"AGENTE DE APOIO - ZELADOR";"AGENTE"
"Agente de Apoio - Zeladoria";"AGENTE"
"Agente de Apoio NI C01 J40";"AGENTE"
"Agente de Apoio NI C04 J40";"AGENTE"
"Agente de Apoio NII C03 J40";"AGENTE"
"Agente de Apoio NII C05 J40";"AGENTE"
"12.AGENTE DE FISCALIZAÇÃO";"AGENTE"
"AGENTE DE INFORMAÇÕES";"AGENTE"
"AGENTE DE MANUTENCAO";"AGENTE"
"Agente de Saúde";"AGENTE"
"AGENTE DE SAUDE - ATENDENTE DE ENFERMAGEM";"AGENTE"
"Agente de Saúde - Atendente de Enfermagem";"AGENTE"
"AGENTE DE SAUDE - LABORATORIO";"AGENTE"
"Agente de Saúde - Laboratório";"AGENTE"
"Agente de Saúde - Necrópsia";"AGENTE"
"AGENTE DE SAUDE - RADIOLOGIA";"AGENTE"
"Agente de Saúde - Radiologia";"AGENTE"
"Agente de Saúde - Saúde Ambiental/Combate Endemias";"AGENTE"
"AGENTE MANUT - CIVIL";"AGENTE"
"AGENTE MANUT - HIDR.";"AGENTE"
"AGENTE MANUT - MECAN";"AGENTE"
"AGENTE MANUT - PINT";"AGENTE"
"AG MANUTENCAO";"AGENTE"
"AG MANUT SINALIZ";"AGENTE"
"AG MANUT VEICULOS";"AGENTE"
"12.AGENTE OPERACIONAL II";"AGENTE"
"AG PESQUISA";"AGENTE"
"AG/SEGURANCA-DAI-01";"AGENTE"
"AG SERV ADMINISTRATIVOS";"AGENTE"
"AGENTE SERV. OPERACIONAIS - MAN. GERAL";"AGENTE"
"AGENTE SERV. OPERACIONAIS - SERV.GERAIS";"AGENTE"
"AG TRANSPORTE";"AGENTE"
"AGPP";"AGENTE"
"AGT SERVICOS";"AGENTE"
"ANAL DE COMUNICACAO";"ANALISTA"
"ANAL EVENTOS TURISMO";"ANALISTA"
"ANAL GESTAO";"ANALISTA"
"ANAL NEGOCIOS VENDAS";"ANALISTA"
"ANAL TECNICO";"ANALISTA"
"ANAL TECNOL INFORM";"ANALISTA"
"ANALISE DE SISTEMAS";"ANALISTA"
"Analista";"ANALISTA"
"ANALISTA";"ANALISTA"
"ANALISTA ADM - AUDIT";"ANALISTA"
"ANALISTA ADM - COMPR";"ANALISTA"
"ANALISTA ADM - FINAN";"ANALISTA"
"ANALISTA ADM - RH";"ANALISTA"
"ANALISTA ADMINISTR";"ANALISTA"
"31.ANALISTA ADMINISTRATIVO I";"ANALISTA"
"ANALISTA ADMINISTRATIVO JR";"ANALISTA"
"ANALISTA ADMINISTRATIVO SR";"ANALISTA"
"Analista Ass. Des. Social NIII Cat4";"ANALISTA"
"Analista Consultor";"ANALISTA"
"ANALISTA DE ASSIST DES SOCIAL - ASSISTENTE SOCIAL";"ANALISTA"
"Analista de Assistencia e Desenv. Social";"ANALISTA"
"ANALISTA DE COMERCIALIZAÇÃO";"ANALISTA"
"ANALISTA DE COMUNICAÇÃO SR";"ANALISTA"
"ANALISTA DE CONTABILIDADE SR";"ANALISTA"
"ANALISTA DE CONTRATOS JR";"ANALISTA"
"ANALISTA DE CONTRATOS PL";"ANALISTA"
"ANALISTA DE CONTROLE ADMINISTRATIVO";"ANALISTA"
"ANALISTA DE DESENVOLV E COMERCIALIZAÇÃO";"ANALISTA"
"ANALISTA DE GESTAO E INFRA-ESTRUTURA";"ANALISTA"
"ANALISTA DE GESTÃO MASTER - ADM. GERAL";"ANALISTA"
"ANALISTA DE GESTÃO MASTER - BILHETAGEM";"ANALISTA"
"ANALISTA DE GESTÃO MASTER - COMUN/ MKT.";"ANALISTA"
"ANALISTA DE GESTÃO MASTER - FINANCEIRO";"ANALISTA"
"ANALISTA DE GESTÃO MASTER - ORÇAMENTO";"ANALISTA"
"ANALISTA DE GESTÃO MASTER - PLAN. ESTR.";"ANALISTA"
"ANALISTA DE GESTÃO MASTER - TRANSPORTE";"ANALISTA"
"ANALISTA DE GESTÃO PL - ADM. GERAL";"ANALISTA"
"ANALISTA DE GESTÃO PL - ASSISTENTE SOC.";"ANALISTA"
"ANALISTA DE GESTÃO PL - BILHETAGEM";"ANALISTA"
"ANALISTA DE GESTÃO PL - CONTÁBIL";"ANALISTA"
"ANALISTA DE GESTÃO PL - ECON. FINANC.";"ANALISTA"
"ANALISTA DE GESTÃO PL - FINANCEIRO";"ANALISTA"
"ANALISTA DE GESTÃO PL - SERVIÇO SOCIAL";"ANALISTA"
"ANALISTA DE GESTÃO PL - TRANSPORTE";"ANALISTA"
"ANALISTA DE GESTÃO SR - ADM. GERAL";"ANALISTA"
"ANALISTA DE GESTÃO SR - BILHETAGEM";"ANALISTA"
"ANALISTA DE GESTÃO SR - CARGOS E SAL.";"ANALISTA"
"ANALISTA DE GESTÃO SR - COMPRAS";"ANALISTA"
"ANALISTA DE GESTÃO SR - CONTÁBIL";"ANALISTA"
"ANALISTA DE GESTÃO SR - ECON. FINANC.";"ANALISTA"
"ANALISTA DE GESTÃO SR - FINANCEIRO";"ANALISTA"
"ANALISTA DE GESTÃO SR - FOLHA PAGTO.";"ANALISTA"
"ANALISTA DE GESTÃO SR - LICIT. CONTRAT.";"ANALISTA"
"ANALISTA DE GESTÃO SR - MED. SEG. TRAB.";"ANALISTA"
"ANALISTA DE GESTÃO SR - ORÇAMENTO";"ANALISTA"
"ANALISTA DE GESTÃO SR - PLANEJ. ESTRUT.";"ANALISTA"
"ANALISTA DE GESTÃO SR - PLANO SAÚDE BEN.";"ANALISTA"
"ANALISTA DE GESTÃO SR - PREÇOS E CUSTOS";"ANALISTA"
"ANALISTA DE GESTÃO SR - RECRUT. DESENV.";"ANALISTA"
"ANALISTA DE GESTÃO SR - SERVIÇO SOCIAL";"ANALISTA"
"ANALISTA DE GESTÃO SR - TRANSPORTE";"ANALISTA"
"Analista de Informações, Cultura e Desporto";"ANALISTA"
"ANALISTA DE INFORMÁTICA I";"ANALISTA"
"ANALISTA DE INFORMÁTICA II";"ANALISTA"
"ANALISTA DE INFORMÁTICA MASTER";"ANALISTA"
"ANALISTA DE MARKETING PL";"ANALISTA"
"Analista de Planejamento e Desenv. Organizacional";"ANALISTA"
"ANALISTA DE RECURSOS HUMANOS JR";"ANALISTA"
"ANALISTA DE RECURSOS HUMANOS SR";"ANALISTA"
"ANALISTA DE SAUDE - AVALIACAO DE DESEMPENHO";"ANALISTA"
"ANALISTA DE SAUDE - BIOLOGIA";"ANALISTA"
"ANALISTA DE SAUDE - CIRURGIAO DENTISTA";"ANALISTA"
"ANALISTA DE SAUDE - ENFERMAGEM";"ANALISTA"
"Analista de Saúde - Enfermagem";"ANALISTA"
"ANALISTA DE SAUDE - FARMACEUTICO";"ANALISTA"
"ANALISTA DE SAUDE - FARMACIA";"ANALISTA"
"Analista de Saúde - Farmácia";"ANALISTA"
"ANALISTA DE SAUDE - FISIOTERAPIA";"ANALISTA"
"Analista de Saúde - Fisioterapia";"ANALISTA"
"ANALISTA DE SAUDE - FONOAUDIOLOGIA";"ANALISTA"
"Analista de Saúde - Fonoaudiologia";"ANALISTA"
"ANALISTA DE SAUDE - FONOAUDIOLOGO";"ANALISTA"
"ANALISTA DE SAUDE - NUTRICAO";"ANALISTA"
"Analista de Saúde - Nutrição";"ANALISTA"
"ANALISTA DE SAUDE - ODONTOLOGIA";"ANALISTA"
"Analista de Saúde - Odontologia";"ANALISTA"
"ANALISTA DE SAUDE - ORTOPTICA";"ANALISTA"
"ANALISTA DE SAUDE - PSICOLOGIA";"ANALISTA"
"Analista de Saúde - Psicologia";"ANALISTA"
"ANALISTA DE SAUDE - PSICOLOGO";"ANALISTA"
"ANALISTA DE SAUDE - TERAPIA OCUPACIONAL";"ANALISTA"
"Analista de Saúde - Terapia Ocupacional";"ANALISTA"
"ANALISTA DE SAUDE MEDICO";"ANALISTA"
"Analista de Saúde Médico";"ANALISTA"
"ANALISTA DE SISTEMAS PL";"ANALISTA"
"ANALISTA DE TI";"ANALISTA"
"Analista de TIC";"ANALISTA"
"ANALISTA DESENVOLV";"ANALISTA"
"ANALISTA FINANCEIRO JR";"ANALISTA"
"ANALISTA FINANCEIRO PL";"ANALISTA"
"ANALISTA FINANCEIRO SR";"ANALISTA"
"ANALISTA ORCAMENTOS E CUSTOS JR";"ANALISTA"
"Analista Organizacional";"ANALISTA"
"Analista Pl. Des. Org.";"ANALISTA"
"Analista Pl. Des. Org. NI Cat5";"ANALISTA"
"Analista Pl. Des. Org. NII Cat3";"ANALISTA"
"Analista Pl. Des. Org. NII Cat4";"ANALISTA"
"Analista Pl. Des. Org. NIII Cat2";"ANALISTA"
"Analista Pl. Des. Org. NIII Cat4";"ANALISTA"
"ANALISTA PLAN DES ORGANIZACIONAL - ADMINISTRADOR";"ANALISTA"
"ANALISTA PLAN DES ORGANIZACIONAL - ESTATISTICO";"ANALISTA"
"ANALISTA PLAN DES ORGANIZACIONAL - PRG SISTEMAS";"ANALISTA"
"ANALISTA PLAN DES ORGANIZACIONAL - T ESPECIALIZADO";"ANALISTA"
"ANALISTA PLAN DES ORGANIZACIONAL - T SEL PESSOAL";"ANALISTA"
"ANL DESENV GEO PL";"ANALISTA"
"ANL DESENV SIST PL";"ANALISTA"
"ANL DOC E CONTEUDO";"ANALISTA"
"ANL GEST ORGANIZ I";"ANALISTA"
"ANL GEST ORGANIZ II";"ANALISTA"
"ANL GEST ORGANIZ III";"ANALISTA"
"ANL GEST ORGANIZ IV";"ANALISTA"
"ANL INFRA SEG INFORM";"ANALISTA"
"ANL NEGOCIOS BPM";"ANALISTA"
"ANL PROJ OBRAS II";"ANALISTA"
"ANL PROJ OBRAS III";"ANALISTA"
"ANL PROJ OBRAS IV";"ANALISTA"
"ANL TEC INF III";"ANALISTA"
"ANL TEC INF IV";"ANALISTA"
"APRENDIZ";"APRENDIZ"
"APRENDIZ ARCO ADMIN";"APRENDIZ"
"APRENDIZ ARCO TURISM";"APRENDIZ"
"ARQUITETO JR";"ARQUITETO"
"ARQUITETO SR";"ARQUITETO"
"ARQUITETURA";"ARQUITETO"
"ASCENSORISTA";"ASCENSORISTA"
"Ass Gestao Pol Publ NI Cat04 J40";"ASSESSOR"
"Ass Gestao Pol Publ NI Cat06 J40";"ASSESSOR"
"Ass Gestao Pol Publ NI Cat07 J40";"ASSESSOR"
"Ass Gestao Pol Publ NI Cat08 J40";"ASSESSOR"
"Ass Gestao Pol Publ NI Cat09 J40";"ASSESSOR"
"Ass Gestao Pol Publ NI Cat10 J40";"ASSESSOR"
"Ass Gestao Pol Publ NII Cat01 J40";"ASSESSOR"
"Ass Gestao Pol Publ NII Cat02 J40";"ASSESSOR"
"Ass Gestao Pol Publ NII Cat03 J40";"ASSESSOR"
"Ass Suporte Tec NI C04 J40";"ASSESSOR"
"ASS. DA PRES. I";"ASSESSOR"
"ASS.COMUNIC. SOCIAL";"ASSESSOR"
"ASS.DA PRESIDENCIA";"ASSESSOR"
"ASS.DE DIRETORIA";"ASSESSOR"
"ASS.DE DIRETORIA I";"ASSESSOR"
"ASS.DE DIRETORIA II";"ASSESSOR"
"ASS.DE DIRETORIA III";"ASSESSOR"
"ASS.DE GERENCIA";"ASSESSOR"
"ASS.DE GERENCIA II";"ASSESSOR"
"ASS.DE GERENCIA III";"ASSESSOR"
"ASS.DE SUPERINT.";"ASSESSOR"
"ASS.ESP.DIRET. III";"ASSESSOR"
"ASS.ESP.DIRETORIA I";"ASSESSOR"
"ASS.ESP.DIRETORIA II";"ASSESSOR"
"ASS.ESP.PRESID. I";"ASSESSOR"
"ASS.ESP.PRESIDENCIA";"ASSESSOR"
"ASSES DIRETORIA I";"ASSESSOR"
"ASSES DIRETORIA II";"ASSESSOR"
"ASSES DIRETORIA III";"ASSESSOR"
"ASSES DIRETORIA IV";"ASSESSOR"
"ASSES DIRETORIA V";"ASSESSOR"
"ASSES DIRETORIA VI";"ASSESSOR"
"ASSES.TEC.INFORMATIC";"ASSESSOR"
"ASSES.TECNICO DAS-12";"ASSESSOR"
"ASSESSOR";"ASSESSOR"
"Assessor Administrativo III";"ASSESSOR"
"Assessor Administrativo IV";"ASSESSOR"
"ASSESSOR ASSISTENTE I";"ASSESSOR"
"ASSESSOR ASSISTENTE II";"ASSESSOR"
"ASSESSOR AUXILIAR III";"ASSESSOR"
"ASSESSOR AUXILIAR III.";"ASSESSOR"
"ASSESSOR COORDENADOR";"ASSESSOR"
"ASSESSOR DE COMUNICAÇÃO";"ASSESSOR"
"Assessor de Diretoria";"ASSESSOR"
"Assessor de Diretoria I";"ASSESSOR"
"Assessor de Diretoria II";"ASSESSOR"
"Assessor de Diretoria III";"ASSESSOR"
"ASSESSOR DE IMPRENSA";"ASSESSOR"
"ASSESSOR DE RELAÇÕES INSTITUCIONAIS";"ASSESSOR"
"Assessor Especial";"ASSESSOR"
"ASSESSOR ESPECIAL";"ASSESSOR"
"Assessor Especial - Gabinete do Coordenador da Coordenadoria de Ensino, Pesquisa e Cultura";"ASSESSOR"
"Assessor Especial (Coordenadoria de Ensino, Pesquisa e Cultura)";"ASSESSOR"
"ASSESSOR ESPECIAL DA PRESIDENCIA";"ASSESSOR"
"Assessor Especial II";"ASSESSOR"
"Assessor Especial III";"ASSESSOR"
"Assessor Especial IV";"ASSESSOR"
"Assessor Especial V";"ASSESSOR"
"Assessor Especial VI";"ASSESSOR"
"Assessor Exec I";"ASSESSOR"
"Assessor Exec II";"ASSESSOR"
"Assessor Exec III";"ASSESSOR"
"ASSESSOR EXECUTIVO";"ASSESSOR"
"Assessor I";"ASSESSOR"
"ASSESSOR I";"ASSESSOR"
"Assessor I ( Coordenação Administrativa)";"ASSESSOR"
"Assessor I ( Coordenaçaõ de Produção e Infraestrutura  )";"ASSESSOR"
"Assessor I (Coordenação de Programação Cultural)";"ASSESSOR"
"ASSESSOR I (FCONF)";"ASSESSOR"
"Assessor II";"ASSESSOR"
"ASSESSOR II";"ASSESSOR"
"Assessor III";"ASSESSOR"
"ASSESSOR III";"ASSESSOR"
"ASSESSOR III (FCONF)";"ASSESSOR"
"Assessor IV";"ASSESSOR"
"ASSESSOR IV";"ASSESSOR"
"ASSESSOR JR";"ASSESSOR"
"ASSESSOR JUNIOR I";"ASSESSOR"
"ASSESSOR JUNIOR II";"ASSESSOR"
"ASSESSOR JUNIOR III";"ASSESSOR"
"Assessor Juridico";"ASSESSOR"
"ASSESSOR JURIDICO";"ASSESSOR"
"Assessor Jurídico";"ASSESSOR"
"ASSESSOR JURÍDICO";"ASSESSOR"
"ASSESSOR PL";"ASSESSOR"
"ASSESSOR PLENO I";"ASSESSOR"
"ASSESSOR PLENO II";"ASSESSOR"
"ASSESSOR PLENO III";"ASSESSOR"
"ASSESSOR SENIOR I";"ASSESSOR"
"ASSESSOR SENIOR II";"ASSESSOR"
"ASSESSOR SENIOR III";"ASSESSOR"
"ASSESSOR SR";"ASSESSOR"
"Assessor Tec. Superint.";"ASSESSOR"
"ASSESSOR TECNICO";"ASSESSOR"
"Assessor técnico";"ASSESSOR"
"Assessor Técnico";"ASSESSOR"
"Assessor Técnico I";"ASSESSOR"
"Assessor Técnico IV";"ASSESSOR"
"Assessor Técnico Jurídico II";"ASSESSOR"
"Assessor Técnico V";"ASSESSOR"
"Assessor Técnico VI";"ASSESSOR"
"Assessor Técnico-Juridico II";"ASSESSOR"
"Assessor V";"ASSESSOR"
"ASSESSOR V";"ASSESSOR"
"Assessor VI";"ASSESSOR"
"ASSESSOR VI";"ASSESSOR"
"ASSESSOR VII";"ASSESSOR"
"Assessora de Diretoria";"ASSESSOR"
"Assessora I (Coordenação de Biblioteca e Banco de Dados)";"ASSESSOR"
"Assessora I (Coordenação de Programação Cultural)";"ASSESSOR"
"Assessora Técnica II (Assessoria de comunicação)";"ASSESSOR"
"Assessora Técnica II (Assessoria de Comunicação)";"ASSESSOR"
"Assessora Técnica II (da Supervisão de Finanças da Coordenadoria de Administração e Finanças)";"ASSESSOR"
"Assessora Técnica II (da Supervisão de Gestão de Pessoas da Coordenadoria de Administração e Finanças)";"ASSESSOR"
"ASSIST ADM";"ASSISTENTE"
"ASSIST ADMINISTR";"ASSISTENTE"
"Assist Administrativo";"ASSISTENTE"
"ASSIST GESTAO P PUBLICAS - AUX DE BIBLIOTECA";"ASSISTENTE"
"ASSIST GESTAO P PUBLICAS - AUX DE PESSOAL";"ASSISTENTE"
"ASSIST GESTAO P PUBLICAS - AUX T ADMINISTRATIVO";"ASSISTENTE"
"ASSIST SERV TECNICOS";"ASSISTENTE"
"ASSIST TECNICO";"ASSISTENTE"
"ASSIST.ADM.DAI-06";"ASSISTENTE"
"ASSIST.JURID./DAS-11";"ASSISTENTE"
"ASSIST.TEC.II/DAS-11";"ASSISTENTE"
"ASSISTENTE ADM";"ASSISTENTE"
"Assistente Adm. Financeira";"ASSISTENTE"
"11.ASSISTENTE ADMINISTRATIVO";"ASSISTENTE"
"ASSISTENTE ADMINISTRATIVO I";"ASSISTENTE"
"ASSISTENTE DE ALMOXARIFADO IV";"ASSISTENTE"
"ASSISTENTE DE CONTROLE ADMINISTRATIVO";"ASSISTENTE"
"ASSISTENTE DE INFRA ESTRUTURA";"ASSISTENTE"
"ASSISTENTE DE RECURSOS HUMANOS I";"ASSISTENTE"
"Assistente de Saúde - Autopsia";"ASSISTENTE"
"ASSISTENTE DE SAUDE - AUX DE ENFERMAGEM";"ASSISTENTE"
"ASSISTENTE DE SAUDE - ELETROCARDIOGRAFIA";"ASSISTENTE"
"Assistente de Saúde - Eletrocardiografia";"ASSISTENTE"
"ASSISTENTE DE SAUDE - ELETROENCEFALOGRAFIA";"ASSISTENTE"
"Assistente de Saúde - Eletroencefalografia";"ASSISTENTE"
"ASSISTENTE DE SAUDE - ENFERMAGEM";"ASSISTENTE"
"Assistente de Saúde - Enfermagem";"ASSISTENTE"
"ASSISTENTE DE SAUDE - GASOTERAPIA";"ASSISTENTE"
"Assistente de Saúde - Gasoterapia";"ASSISTENTE"
"ASSISTENTE DE SAUDE - HEMOTERAPIA";"ASSISTENTE"
"Assistente de Saúde - Hemoterapia";"ASSISTENTE"
"Assistente de Saúde - Histologia/Citologia";"ASSISTENTE"
"Assistente de Saúde - Saúde Bucal";"ASSISTENTE"
"Assistente de Suporte Técnico";"ASSISTENTE"
"ASSISTENTE DE VENDAS";"ASSISTENTE"
"Assistente Gestão de Políticas Públicas";"ASSISTENTE"
"ASSISTENTE III";"ASSISTENTE"
"12.ASSISTENTE OPERACIONAL";"ASSISTENTE"
"Assistente Social";"ASSISTENTE"
"ASSISTENTE SOCIAL";"ASSISTENTE"
"ASSISTENTE SUP TECNICO - TEC CONTABILIDADE";"ASSISTENTE"
"ASSISTENTE SUP TECNICO - TEC IMPRESSAO OFF SET";"ASSISTENTE"
"ASSISTENTE SUP TECNICO - TEC MANUT EQUIP HOSP";"ASSISTENTE"
"ASSISTENTE SUP TECNICO - TEC MANUT INSTR HOSP";"ASSISTENTE"
"ASSISTENTE SUP TECNICO - TEC REFRIGERACAO";"ASSISTENTE"
"ASSISTENTE SUP TECNICO - TEC SUP INFORMATICA";"ASSISTENTE"
"ASSISTENTE SUP TECNICO - TEC TELEFONIA";"ASSISTENTE"
"Assistente Tecnico";"ASSISTENTE"
"Assistente Técnico de Saúde - Enfermagem";"ASSISTENTE"
"Assistente Técnico de Saúde - Farmácia";"ASSISTENTE"
"Assistente Técnico de Saúde - Imob. Ortopédica";"ASSISTENTE"
"Assistente Técnico de Saúde - Laboratório";"ASSISTENTE"
"Assistente Técnico de Saúde - Prótese Dentária";"ASSISTENTE"
"Assistente Técnico de saúde - Radiologia";"ASSISTENTE"
"Assistente Técnico de Saúde - Saúde Bucal";"ASSISTENTE"
"Assistente Técnico de Saúde - Seg. no Trabalho";"ASSISTENTE"
"ASSISTENTE TECNICO I";"ASSISTENTE"
"Assistente Técnico I";"ASSISTENTE"
"Assistente Tecnico II";"ASSISTENTE"
"ASSISTENTE TECNICO II";"ASSISTENTE"
"Assistente Técnico II";"ASSISTENTE"
"ASSISTENTE TECNICO III";"ASSISTENTE"
"ASSISTENTE TECNICO SAUDE - ENFERMAGEM";"ASSISTENTE"
"ASSISTENTE TECNICO SAUDE - FARMACIA";"ASSISTENTE"
"ASSISTENTE TECNICO SAUDE - FISIOTERAPIA";"ASSISTENTE"
"ASSISTENTE TECNICO SAUDE - LABORATORIO";"ASSISTENTE"
"ASSISTENTE TECNICO SAUDE - PROTESE DENTARIA";"ASSISTENTE"
"ASSISTENTE TECNICO SAUDE - RADIOLOGIA";"ASSISTENTE"
"ASSISTENTE TECNICO SAUDE - SEGURANCA DO TRABALHO";"ASSISTENTE"
"ASSISTENTE TECNICO SAUDE - TEC LABORATORIO";"ASSISTENTE"
"Assit. Técnica II";"ASSISTENTE"
"AST ADM I";"ASSISTENTE"
"AST ADM II";"ASSISTENTE"
"AST ADM III";"ASSISTENTE"
"AST ADM IV";"ASSISTENTE"
"AST ADM V";"ASSISTENTE"
"AST ADM VI";"ASSISTENTE"
"AST SOCIAL II";"ASSISTENTE"
"AST SOCIAL III";"ASSISTENTE"
"AST SOCIAL IV";"ASSISTENTE"
"AST TECNICO";"ASSISTENTE"
"ATEND ENFERMAGEM 30";"ATENDENTE"
"Atendente de Enfermagem";"ATENDENTE"
"ATS - Eletrocardiografia";"ATS - ELETROCARDIOGRAFIA"
"ATS - Enfermagem";"ATS - ENFERMAGEM"
"ATS - Gasoterapia";"ATS - GASOTERAPIA"
"AUDITOR MASTER";"AUDITOR"
"AUDITOR SR";"AUDITOR"
"AUX ADM SAUDE";"AUXILIAR"
"AUX ADMINISTRATIVO";"AUXILIAR"
"AUX ALVENARIA";"AUXILIAR"
"AUX APOIO ADM COZINH";"AUXILIAR"
"AUX DES INFANTIL 30";"AUXILIAR"
"AUX DESENV INFANTIL";"AUXILIAR"
"AUX ENFERMAGEM";"AUXILIAR"
"AUX ENFERMAGEM 30";"AUXILIAR"
"AUX ENFERMAGEM TRAB";"AUXILIAR"
"AUX LABORATORIO";"AUXILIAR"
"AUX PROJ OBRAS II";"AUXILIAR"
"AUX PROJ OBRAS III";"AUXILIAR"
"AUX SERV ADMINISTR I";"AUXILIAR"
"AUX SERV HOSPITALAR";"AUXILIAR"
"AUX SERVICOS GERAIS";"AUXILIAR"
"AUX TEC ADMIN GERAL";"AUXILIAR"
"AUX TEC SAUDE GAS 30";"AUXILIAR"
"AUX TEC SAUDE HEM 40";"AUXILIAR"
"Aux. de Apoio Adm. - Cozinha";"AUXILIAR"
"Aux. de Desenvolvimento Infantil";"AUXILIAR"
"Aux. de Enfermagem";"AUXILIAR"
"Aux. de Gabinete";"AUXILIAR"
"Aux. Téc. Adm. - Adm. Geral";"AUXILIAR"
"Aux. Téc. Adm. - Telecomunicações";"AUXILIAR"
"AUX.A.ADM./TEL.QPA7E";"AUXILIAR"
"AUX.A.ADM/COST.QPA7E";"AUXILIAR"
"AUX.ADM.CEMIT.DAI-03";"AUXILIAR"
"AUX.ADM.CREMAT.DAI-3";"AUXILIAR"
"AUX.T.ADM/AG.QPA11E";"AUXILIAR"
"AUX.TEC.ADMIN.QPA10E";"AUXILIAR"
"AUX.TEC.ADMIN.QPA11E";"AUXILIAR"
"AUX.TEC.ADMIN.QPA7D";"AUXILIAR"
"AUX.TEC.ADMIN.QPA8E";"AUXILIAR"
"AUX.TEC.ADMIN.QPA9E";"AUXILIAR"
"AUX/GABINETE-DAI-02";"AUXILIAR"
"AUXILIAR ADMINISTRATIVO";"AUXILIAR"
"11.AUXILIAR ADMINISTRATIVO I";"AUXILIAR"
"11.AUXILIAR ADMINISTRATIVO II";"AUXILIAR"
"11.AUXILIAR ADMINISTRATIVO III";"AUXILIAR"
"AUXILIAR DE ALMOXARIFADO";"AUXILIAR"
"AUXILIAR DE DESENVOLVIMENTO INFANTIL";"AUXILIAR"
"AUXILIAR DE ENFERMAGEM";"AUXILIAR"
"Auxiliar de Gabinete";"AUXILIAR"
"AUXILIAR DE LIMPEZA";"AUXILIAR"
"AUXILIAR DE SERVIÇOS";"AUXILIAR"
"Auxiliar Desenvolv Infantil";"AUXILIAR"
"Auxiliar Enfermagem Trabalho";"AUXILIAR"
"AUXILIAR OPERACIONAL";"AUXILIAR"
"Auxiliar Tecnico Administrativo";"AUXILIAR"
"BARBEIRO";"BARBEIRO"
"BOMBEIRO CIVIL";"BOMBEIRO CIVIL"
"C H G";"CHEFE"
"CH.ASS.JURID./DAS-13";"CHEFE"
"CH.DA ASS.JURIDICA";"CHEFE"
"CH.GABINETE PRESID.";"CHEFE"
"CH.S.T.M.SEDE/DAS-10";"CHEFE"
"CH.S.T.MAN.AG./DAS10";"CHEFE"
"CH.S.T.MAN.CEM/DAS10";"CHEFE"
"CH.S.T.P.DADOS/DAS10";"CHEFE"
"CH.S.T.PUB.NECRDAS10";"CHEFE"
"CHEFE ASSESSORIA I";"CHEFE"
"CHEFE COORD.(F.CONF)";"CHEFE"
"CHEFE COORDENADORIA";"CHEFE"
"Chefe de Assessoria Técnica";"CHEFE"
"Chefe de Equipe I";"CHEFE"
"CHEFE DE EQUIPE I";"CHEFE"
"Chefe de Equipe II";"CHEFE"
"CHEFE DE EQUIPE II";"CHEFE"
"CHEFE DE EQUIPE III";"CHEFE"
"Chefe de Gabinete";"CHEFE"
"CHEFE DE GABINETE";"CHEFE"
"Chefe de Seção II";"CHEFE"
"Chefe de Secao Tecnica";"CHEFE"
"Chefe de Seção Técnica";"CHEFE"
"CHEFE S.ALMOXARIFADO";"CHEFE"
"CHEFE S.ART.FUNEBRES";"CHEFE"
"CHEFE S.ENF.ART.REL";"CHEFE"
"CHEFE S.PESSOAL/DAI7";"CHEFE"
"CHEFE S.REG.EXUMACAO";"CHEFE"
"CHEFE S.T.CONTABILID";"CHEFE"
"CHEFE S.T.LICITACAO";"CHEFE"
"CHEFE S.TEC.CUSTOS";"CHEFE"
"CHEFE S.TEC.FISCALIZ";"CHEFE"
"CHEFE S.TESOURARIA";"CHEFE"
"CHEFE SEC.ACABAMENTO";"CHEFE"
"CHEFE SEC.TAPECARIA";"CHEFE"
"CHEFE SEC.TEC.R.H.";"CHEFE"
"CHEFE SEC/CONT.FUNER";"CHEFE"
"CHEFE SEC/CONVENIOS";"CHEFE"
"CHEFE SEC/OFICINA";"CHEFE"
"CHEFE SEC/PRODUCAO";"CHEFE"
"CHEFE SEC/PROTOCOLO";"CHEFE"
"CHEFE SEC/TRAFEGO";"CHEFE"
"CIENCIAS CONTABEIS";"CIENCIAS CONTABEIS"
"Cirurgião Dentista - Residente";"CIRURGIÃO DENTISTA - RESIDENTE"
"COBRADOR";"COBRADOR"
"COMISSIONADO";"COMISSIONADO"
"CONS ADMINISTRATIVO";"CONSELHEIRO/CONSULTOR"
"CONS FISCAL";"CONSELHEIRO/CONSULTOR"
"CONS INT GESTAO";"CONSELHEIRO/CONSULTOR"
"Conselheira Administração";"CONSELHEIRO/CONSULTOR"
"Conselheira Fiscal";"CONSELHEIRO/CONSULTOR"
"Conselheiro";"CONSELHEIRO/CONSULTOR"
"CONSELHEIRO ADMIINISTRATIVO";"CONSELHEIRO/CONSULTOR"
"Conselheiro Administração";"CONSELHEIRO/CONSULTOR"
"Conselheiro Administrativo";"CONSELHEIRO/CONSULTOR"
"CONSELHEIRO ADMINISTRATIVO";"CONSELHEIRO/CONSULTOR"
"Conselheiro Adminstração";"CONSELHEIRO/CONSULTOR"
"CONSELHEIRO DE ADMINISTRAÇÃO";"CONSELHEIRO/CONSULTOR"
"Conselheiro Fiscal";"CONSELHEIRO/CONSULTOR"
"CONSELHEIRO FISCAL";"CONSELHEIRO/CONSULTOR"
"CONSELHO ADMINISTRATIVO";"CONSELHEIRO/CONSULTOR"
"CONSELHO FISCAL";"CONSELHEIRO/CONSULTOR"
"31.CONSULTOR INTERNO EM TRANSPORTE";"CONSELHEIRO/CONSULTOR"
"CONT TERM TRANSFERENCIA";"CONTADOR"
"CONTADOR";"CONTADOR"
"CONTROL/AGENCIA-DAI6";"CONTROL/AGENCIA-DAI6"
"COO EXECUTIVO";"COORDENADOR"
"Coordenador";"COORDENADOR"
"COORDENADOR";"COORDENADOR"
"COORDENADOR DE PROGRAMA I";"COORDENADOR"
"COORDENADOR DE PROGRAMA II";"COORDENADOR"
"COORDENADOR DE PROGRAMA III";"COORDENADOR"
"Coordenador I";"COORDENADOR"
"COORDENADOR I";"COORDENADOR"
"Coordenador I (Coordenação Administrativa do CFCCT)";"COORDENADOR"
"Coordenador I (Coordenação Administrativa)";"COORDENADOR"
"Coordenador I (Coordenação de Biblioteca e Banco de Dados)";"COORDENADOR"
"Coordenador I (Coordenação de Comunicação e Atendimento ao Público)";"COORDENADOR"
"Coordenador I (Coordenação de Produção e Infraestrutura)";"COORDENADOR"
"Coordenador I (Coordenação Pedagógica)";"COORDENADOR"
"Coordenador I(Coord. de Comunicação e Atendimento ao Público)";"COORDENADOR"
"Coordenador Técnico";"COORDENADOR"
"COORDENADOR TÉCNICO";"COORDENADOR"
"Coordenador Técnico (Coordenação Administrativa)";"COORDENADOR"
"Coordenadora (Coordenação Pedagógica da Escola Técnica de Saúde Pública Professor Makiguti da Coordenadoria de Ensino, Pesquisa e Cultura)";"COORDENADOR"
"Coordenadora I (Coordenação de Programação Cultural)";"COORDENADOR"
"Coordenadora II (Coordenadoria de Ensino, Pesquisa e Cultura)";"COORDENADOR"
"Coordenadora Técnica (Coordenação de Programação Cultural)";"COORDENADOR"
"COPEIRA";"COPEIRO"
"Copeiro";"COPEIRO"
"COPEIRO";"COPEIRO"
"COPEIRO HOSPITALAR";"COPEIRO"
"D.ADMINISTRATIVO";"DIRETOR"
"D.COMERC.E SOCIAL";"DIRETOR"
"D.FINANCEIRO";"DIRETOR"
"D.PARTICIPACAO";"DIRETOR"
"D.PATRIMONIO";"DIRETOR"
"D.PRESIDENTE";"DIRETOR"
"DESPACHANTE";"DESPACHANTE"
"Digitador";"DIGITADOR"
"DIR DESENVOLVIMENTO";"DIRETOR"
"DIR DESENVOLVIMENTO DE PROJETOS";"DIRETOR"
"DIR GESTAO CORPORATIVA";"DIRETOR"
"DIR GESTAO FINANCAS";"DIRETOR"
"DIR PART E REPR EMPR";"DIRETOR"
"DIR REPR EMPREGADOS";"DIRETOR"
"DIR.D.T.A.FISC/DAS12";"DIRETOR"
"DIR.D.TEC.CEMITERIO";"DIRETOR"
"DIR.D.TEC.CONTABILID";"DIRETOR"
"DIR.D.TEC.FINANCAS";"DIRETOR"
"DIR.D.TEC.PROD/DAS14";"DIRETOR"
"DIR.D.TEC.R.C.CONCES";"DIRETOR"
"DIR.D.TEC.SEGURANCA";"DIRETOR"
"DIR.DIV.ADM./DAS-11";"DIRETOR"
"DIR.DIV.INDUST/DAS11";"DIRETOR"
"DIR.DIV.TRANSP/DAS11";"DIRETOR"
"DIREITO";"DIRETOR"
"Diretor";"DIRETOR"
"DIRETOR";"DIRETOR"
"DIRETOR ADJUNTO";"DIRETOR"
"DIRETOR DE ADMINISTRAÇÃO E FINANÇAS";"DIRETOR"
"DIRETOR DE DEPARTAMENTO TECNICO";"DIRETOR"
"Diretor de Departamento Técnico";"DIRETOR"
"Diretor de Divisao Tecnica";"DIRETOR"
"DIRETOR DE DIVISAO TECNICA";"DIRETOR"
"Diretor de Divisão Técnica";"DIRETOR"
"Diretor de Formação";"DIRETOR"
"Diretor de Gestão";"DIRETOR"
"DIRETOR DE GESTÃO ECONÔMICO-FINANCEIRA";"DIRETOR"
"DIRETOR DE INFRAESTRUTURA";"DIRETOR"
"DIRETOR DE OPERAÇÕES";"DIRETOR"
"DIRETOR DE PLANEJAMENTO DE TRANSPORTE";"DIRETOR"
"Diretor Geral";"DIRETOR"
"Diretor Presidente";"DIRETOR"
"DIRETOR PRESIDENTE";"DIRETOR"
"DIRETOR RELAÇÕES INTERNAS";"DIRETOR"
"Diretor Tecnico Departamento";"DIRETOR"
"Diretora";"DIRETOR"
"Diretora Adm. Financeira";"DIRETOR"
"Diretora Geral";"DIRETOR"
"Diretora Gestão Corporativa";"DIRETOR"
"E.T.CONS.CONST.DAI-2";"E.T.CONS.CONST.DAI-2"
"ELETRICISTA";"ELETRICISTA"
"ENC.S.I/AB.LUBR.VEIC";"ENCARREGADO"
"ENC.S.I/CARPINTARIA";"ENCARREGADO"
"ENC.S.I/ENT.MONT.URN";"ENCARREGADO"
"ENC.S.I/EXPED.U.CAIX";"ENCARREGADO"
"ENC.S.I/FUN.U.CAIX.M";"ENCARREGADO"
"ENC.S.I/TAPEC.AUTOS";"ENCARREGADO"
"ENC.S.II/ALIMENTACAO";"ENCARREGADO"
"ENC.S.II/ARQ.V.MARIA";"ENCARREGADO"
"ENC.S.II/ARREC.AGENC";"ENCARREGADO"
"ENC.S.II/ARREC.CEMIT";"ENCARREGADO"
"ENC.S.II/BENS PATRIM";"ENCARREGADO"
"ENC.S.II/CAD.FIRMAS";"ENCARREGADO"
"ENC.S.II/CAD.PESSOAL";"ENCARREGADO"
"ENC.S.II/E.P.ACESSOR";"ENCARREGADO"
"ENC.S.II/EST.M.CEMIT";"ENCARREGADO"
"ENC.S.II/EST.MAT.PRO";"ENCARREGADO"
"ENC.S.II/FREQ.AG/VEL";"ENCARREGADO"
"ENC.S.II/FREQ.CEMIT.";"ENCARREGADO"
"ENC.S.II/FREQ.SEDE";"ENCARREGADO"
"ENC.S.II/MICROFILMAG";"ENCARREGADO"
"ENC.S.II/OPERACAO";"ENCARREGADO"
"ENC.S.II/ORCAMENTO";"ENCARREGADO"
"ENC.S.II/VELORIOS";"ENCARREGADO"
"ENC.S.T.TREIN.DESENV";"ENCARREGADO"
"ENC.SET.I/ART.SUPLEM";"ENCARREGADO"
"ENC.SET.I/BORRACHARI";"ENCARREGADO"
"ENC.SET.I/COSTURA";"ENCARREGADO"
"ENC.SET.I/ELET.VEIC";"ENCARREGADO"
"ENC.SET.I/FORRACAO";"ENCARREGADO"
"ENC.SET.I/FUNIL.VEIC";"ENCARREGADO"
"ENC.SET.I/MARC.CAIX.";"ENCARREGADO"
"ENC.SET.I/OF.MECANIC";"ENCARREGADO"
"ENC.SET.I/P.REV.CAIX";"ENCARREGADO"
"ENC.SET.I/PINT.VEIC";"ENCARREGADO"
"ENC.SET.I/SERRARIA";"ENCARREGADO"
"ENC.SET.I/ZELADORIA";"ENCARREGADO"
"Encarregada de Equipe";"ENCARREGADO"
"ENCARREGADO DE CONTROLE ADMINISTRATIVO";"ENCARREGADO"
"Encarregado de Copa";"ENCARREGADO"
"Encarregado de Equipe";"ENCARREGADO"
"ENCARREGADO DE EQUIPE";"ENCARREGADO"
"Encarregado de Equipe I";"ENCARREGADO"
"Encarregado de Equipe II";"ENCARREGADO"
"ENCARREGADO DE EQUIPE TECNICA";"ENCARREGADO"
"Encarregado de Equipe Técnica";"ENCARREGADO"
"ENCARREGADO DE SERVIÇOS";"ENCARREGADO"
"Encarregado de Setor I";"ENCARREGADO"
"Encarregado de Setor II";"ENCARREGADO"
"Encarregado de Setor Técnico";"ENCARREGADO"
"Encarregado de Trafego";"ENCARREGADO"
"Encarregado de Zeladoria";"ENCARREGADO"
"Enfermeiro";"ENFERMEIRO"
"ENFERMEIRO";"ENFERMEIRO"
"ENG SEG TRABALHO";"ENGENHEIRO"
"ENGENHARIA CIVIL";"ENGENHEIRO"
"ENGENHEIRO CIVIL JR";"ENGENHEIRO"
"ENGENHEIRO CIVIL PL";"ENGENHEIRO"
"ENGENHEIRO CIVIL SR";"ENGENHEIRO"
"ENGENHEIRO DE SEGURANÇA DO TRABALHO SR";"ENGENHEIRO"
"ENGENHEIRO SR- ENGENHARIA VEICULAR";"ENGENHEIRO"
"ENSINO MEDIO";"ENSINO MEDIO"
"ESPEC ENG ARQUIT-ARQ";"ESPECIALISTA"
"ESPEC ENG ARQUIT-ENG";"ESPECIALISTA"
"Espec. Desenvolv Urbano N III Cat 3";"ESPECIALISTA"
"Espec. Saude - N II Cat 5";"ESPECIALISTA"
"ESPECIAL TRANSPORTE II";"ESPECIALISTA"
"ESPECIALISTA DESENV URBANO - ARQUITETO";"ESPECIALISTA"
"ESPECIALISTA DESENV URBANO - ENGENHEIRO";"ESPECIALISTA"
"Especialista em Assist. e Desenv. Social";"ESPECIALISTA"
"Especialista em Desenv. Urbano";"ESPECIALISTA"
"Especialista em Saúde - Enfermeiro";"ESPECIALISTA"
"Especialista em Saúde - Farmacêutico";"ESPECIALISTA"
"Especialista em Saúde - Fisioterapeuta";"ESPECIALISTA"
"Especialista em Saúde - Médico";"ESPECIALISTA"
"Especialista em Saúde - Nutricionista";"ESPECIALISTA"
"Especialista em Saúde - Psicólogo";"ESPECIALISTA"
"Especialista em Saúde - Ter. Ocupacional";"ESPECIALISTA"
"ESTAGIARIO";"ESTAGIÁRIO"
"Estagiário";"ESTAGIÁRIO"
"ESTAGIÁRIO";"ESTAGIÁRIO"
"ESTAGIÁRIO ENSINO MÉDIO (4)";"ESTAGIÁRIO"
"ESTAGIÁRIO ENSINO MÉDIO (6)";"ESTAGIÁRIO"
"ESTAGIÁRIO ENSINO SUPERIOR I (6)";"ESTAGIÁRIO"
"ESTAGIÁRIO ENSINO SUPERIOR II (6)";"ESTAGIÁRIO"
"ESTAGIÁRIO ENSINO SUPERIOR III (6)";"ESTAGIÁRIO"
"ESTAGIÁRIO ENSINO SUPERIOR IV (6)";"ESTAGIÁRIO"
"ESTAGIÁRIO ENSINO SUPERIOR V (6)";"ESTAGIÁRIO"
"ESTAGIÁRIO ENSINO TÉCNICO (6)";"ESTAGIÁRIO"
"ESTAGIARIO I";"ESTAGIÁRIO"
"ESTAGIARIO II";"ESTAGIÁRIO"
"ESTAGIARIO-SUPERIOR";"ESTAGIÁRIO"
"FISC/SERVICOS-DAI-08";"FISC/SERVICOS-DAI-08"
"Fonoaudiólogo";"FONOAUDIÓLOGO"
"G.ADM.FINANCEIRA";"GERENTE"
"G.APROV.E CADASTRO";"GERENTE"
"G.ATENDIMENTO";"GERENTE"
"G.COMERCIALIZACAO";"GERENTE"
"G.CONTABILIDADE";"GERENTE"
"G.CONTR.E SEGUROS";"GERENTE"
"G.EXEC.FISC.OBRAS I";"GERENTE"
"G.EXEC.FISC.OBRAS II";"GERENTE"
"G.GESTAO DE CREDITO";"GERENTE"
"G.INFORMATICA";"GERENTE"
"G.JUR.ADMINISTRATIVO";"GERENTE"
"G.JUR.CONTENCIOSO";"GERENTE"
"G.JUR.RECUP.CREDITO";"GERENTE"
"G.MED.E CONTR.OBRAS";"GERENTE"
"G.ORG.ATEND.SOCIAL";"GERENTE"
"G.PATRIMONIO";"GERENTE"
"G.PLAN.CONTR. FIN.";"GERENTE"
"G.PLAN.GEST.SOCIAL";"GERENTE"
"G.PLANEJAMENTO";"GERENTE"
"G.PROJETOS";"GERENTE"
"G.RECURSOS HUMANOS";"GERENTE"
"G.REG.IMOBILIARIA";"GERENTE"
"G.SEGURANCA";"GERENTE"
"G.SUPRIMENTOS";"GERENTE"
"GER CONTAB E PATRIM";"GERENTE"
"GER EST ECONOMICOS";"GERENTE"
"GER OBRAS";"GERENTE"
"GER OPER URBANAS";"GERENTE"
"GER PLANEJ PAISAGEM";"GERENTE"
"GER PROJETOS";"GERENTE"
"GER RECURSOS HUMANOS";"GERENTE"
"Gerente";"GERENTE"
"GERENTE";"GERENTE"
"GERENTE (FCONF)";"GERENTE"
"GERENTE ADMINISTRATIVO";"GERENTE"
"GERENTE DE CONTROLE DE CONTRATOS";"GERENTE"
"GERENTE DE LICITACOES";"GERENTE"
"Gerente de Projetos";"GERENTE"
"GERENTE DE UNIDADE";"GERENTE"
"GERENTE FINANCEIRO";"GERENTE"
"Gerente I";"GERENTE"
"Gerente II";"GERENTE"
"GERENTE JURIDICO";"GERENTE"
"GESTOR EDUC TRANSITO";"GESTOR"
"GESTOR TRANSITO";"GESTOR"
"GUARDA DE SEGURANCA";"GUARDA"
"GUARDA MUNIC.CEMIT.";"GUARDA"
"GUINCHEIRO";"GUINCHEIRO"
"INSP SEG PATRIM";"INSPETOR"
"INSP SEG PATRIMONIAL";"INSPETOR"
"JARDINEIRO";"JARDINEIRO"
"MEDICO";"MÉDICO"
"Médico";"MÉDICO"
"MEDICO 20";"MÉDICO"
"MÉDICO AUDITOR - SERVIÇO ATENDE";"MÉDICO"
"MEDICO DO TRABALHO";"MÉDICO"
"MÉDICO DO TRABALHO";"MÉDICO"
"Médico Residente";"MÉDICO"
"MEIO OFIC MANUT FUNILEIRO";"MEIO OFIC MANUT FUNILEIRO"
"Motorista";"MOTORISTA"
"MOTORISTA";"MOTORISTA"
"MOTORISTA/QPA6E";"MOTORISTA"
"MOTORISTA/QPA7E";"MOTORISTA"
"-";"NA"
"não ocupa";"NÃO OCUPA"
"O.M.AUT/FUNIL.QPD-7E";"O.M.AUT"
"O.M.AUT/LUBRIF.QPD7E";"O.M.AUT"
"O.M.AUT/MECAN.QPD-7E";"O.M.AUT"
"O.OBRAS/CARPIN.QPD7E";"O.OBRAS/"
"O.OBRAS/ENCAN.QPD7E";"O.OBRAS/"
"O.OBRAS/EXPED.QPD7E";"O.OBRAS/"
"O.OBRAS/FORRAD.QPD6E";"O.OBRAS/"
"O.OBRAS/FORRAD.QPD7E";"O.OBRAS/"
"O.OBRAS/FUN.UR.QPD7E";"O.OBRAS/"
"O.OBRAS/PINTOR QPD7E";"O.OBRAS/"
"O.OBRAS/SEPULT.QPD5E";"O.OBRAS/"
"O.OBRAS/SEPULT.QPD6D";"O.OBRAS/"
"O.OBRAS/SEPULT.QPD6E";"O.OBRAS/"
"O.OBRAS/SEPULT.QPD7E";"O.OBRAS/"
"OF.OBRAS/MARC.QPD6E";"O.OBRAS/"
"OF.OBRAS/MARC.QPD7E";"O.OBRAS/"
"OFIC/GABINETE-DAI-05";"OFICIAL"
"Oficial de Gabinete";"OFICIAL"
"Oficial de Gabinete da Superin";"OFICIAL"
"OPER MONIT INF TRANS";"OPERADOR"
"OPER REDES DADOS VOZ";"OPERADOR"
"OPER TRANSITO";"OPERADOR"
"OPERADOR DE CAIXA";"OPERADOR"
"OPERADOR DE PABX";"OPERADOR"
"OPERADOR MAQUINAS I";"OPERADOR"
"ORIENT TRAF ESTACION";"ORIENT TRAF ESTACION"
"OUVIDOR";"OUVIDOR"
"PINTOR";"PINTOR"
"PRES.COMIS.DE LICIT.";"PRESIDENTE"
"PRESIDENTE";"PRESIDENTE"
"PROCURADOR";"PROCURADOR"
"PRODUTOR TEC EVENTOS";"PRODUTOR TEC EVENTOS"
"Professor de Ensino Tecnico";"PROFESSOR DE ENSINO TECNICO"
"PROG.EXPEDIDOR/DAI-4";"PROG.EXPEDIDOR/DAI-4"
"REC HUMANOS";"REC HUMANOS"
"RECEPCIONISTA";"RECEPCIONISTA"
"REPORTER FOTOGRAFICO";"REPORTER FOTOGRAFICO"
"RESIDENTE";"RESIDENTE"
"SEC EXECUTIVO";"SECRETARIO EXECUTIVO"
"SECRETARIA";"SECRETARIA"
"SECRETARIA DE DIRETORIA";"SECRETARIA"
"SECRETARIA EXEC";"SECRETARIA"
"SECRETARIA I";"SECRETARIA"
"SECRETARIA II";"SECRETARIA"
"SECRETARIA III";"SECRETARIA"
"SECRETARIA PL";"SECRETARIA"
"SECRETARIA PLENO";"SECRETARIA"
"SECRETARIA SR";"SECRETARIA"
"SEG PATRIMONIAL";"SEG PATRIMONIAL"
"SOCORRISTA";"SOCORRISTA"
"SUP.ADMINISTRATIVO";"SUPERINTENDENTE"
"SUP.COMERCIALIZACAO";"SUPERINTENDENTE"
"SUP.FINANCEIRO";"SUPERINTENDENTE"
"SUP.JURIDICO";"SUPERINTENDENTE"
"SUP.OBRAS";"SUPERINTENDENTE"
"SUP.PATRIMONIO";"SUPERINTENDENTE"
"SUP.PLANEJ.PROJETOS";"SUPERINTENDENTE"
"SUP.SOCIAL";"SUPERINTENDENTE"
"SUPERINT ADM FINANC";"SUPERINTENDENTE"
"SUPERINT DES PAISAG";"SUPERINTENDENTE"
"SUPERINT DESENVOLV";"SUPERINTENDENTE"
"SUPERINT ESTR PROJ";"SUPERINTENDENTE"
"SUPERINT OBRAS";"SUPERINTENDENTE"
"Superintendente";"SUPERINTENDENTE"
"SUPERINTENDENTE";"SUPERINTENDENTE"
"Superintendente Admin Financ";"SUPERINTENDENTE"
"SUPERINTENDENTE DE LICITACOES E CONTRATOS";"SUPERINTENDENTE"
"Superintendente de Negocios";"SUPERINTENDENTE"
"Superintendente de Projetos";"SUPERINTENDENTE"
"SUPERINTENDENTE DE PROJETOS";"SUPERINTENDENTE"
"SUPERV DEPTO I";"SUPERVISOR"
"SUPERV. ARRECADACAO";"SUPERVISOR"
"SUPERV. CARPINTARIA";"SUPERVISOR"
"SUPERV. JARDINAGEM";"SUPERVISOR"
"SUPERV. LIMPEZA";"SUPERVISOR"
"SUPERV. MANUTENCAO";"SUPERVISOR"
"SUPERV. OPERACAO";"SUPERVISOR"
"SUPERV. SERRALHEIRO";"SUPERVISOR"
"SUPERV. SERV. GERAIS";"SUPERVISOR"
"SUPERV. TRANSPORTE";"SUPERVISOR"
"SUPERVISOR DE SERVIÇOS";"SUPERVISOR"
"SUPERVISOR DE SUPORTE DE INFORMÁTICA";"SUPERVISOR"
"Supervisor geral";"SUPERVISOR"
"Supervisor Geral (Coordenadoria de Ensino, Pesquisa e Cultura)";"SUPERVISOR"
"Supervisor III";"SUPERVISOR"
"Supervisor III (Gestão de Pessoas)";"SUPERVISOR"
"Supervisor III (Supervisão de Administração)";"SUPERVISOR"
"Supervisor Técnico I";"SUPERVISOR"
"Supervisor Técnico II";"SUPERVISOR"
"TEC ENF TRABALHO";"TÉCNICO"
"TEC PROJ OBRAS III";"TÉCNICO"
"TEC PROJ OBRAS IV";"TÉCNICO"
"TEC PROJ OBRAS V";"TÉCNICO"
"TEC PROJ OBRAS VI";"TÉCNICO"
"TEC PROJETOS";"TÉCNICO"
"TEC RADIOLOGIA";"TÉCNICO"
"TEC SAUDE (FARM) 40";"TÉCNICO"
"TEC SEG TRAB";"TÉCNICO"
"TEC SEGUR TRABALHO";"TÉCNICO"
"TEC SERV TRANSPORTE II";"TÉCNICO"
"TEC SINAL TRANSITO";"TÉCNICO"
"TEC TECNOL INF COMUN";"TÉCNICO"
"TEC TELECOMUNICACOES";"TÉCNICO"
"TEC TRANSITO";"TÉCNICO"
"Téc. em Saude - Enfermagem";"TÉCNICO"
"Téc. em Saúde - Farmácia";"TÉCNICO"
"Téc. em Saúde - Imob. Ortopédica";"TÉCNICO"
"Téc. em Saúde - Laboratório";"TÉCNICO"
"TEC.A.GRAFICAS/DAI-2";"TÉCNICO"
"Técnico";"TÉCNICO"
"21.TÉCNICO ADMINISTRATIVO IV";"TÉCNICO"
"Técnico de Contabilidade";"TÉCNICO"
"TÉCNICO DE DESENVOLV ADMINISTRATIVO";"TÉCNICO"
"TECNICO DE DESENVOLVIMENTO INFANTIL";"TÉCNICO"
"TÉCNICO DE ENFERMAGEM DO TRABALHO";"TÉCNICO"
"TÉCNICO DE INFORMÁTICA";"TÉCNICO"
"TÉCNICO DE INSPEÇÃO VEICULAR PL";"TÉCNICO"
"TÉCNICO DE INSPEÇÃO VEICULAR SR";"TÉCNICO"
"TÉCNICO DE MANUTENÇÃO";"TÉCNICO"
"TECNICO DE MANUTENCAO PREDIAL II";"TÉCNICO"
"TÉCNICO DE MONITORAMENTO DE TRANSP JR";"TÉCNICO"
"TÉCNICO DE PROC. ADM. PL - ADM. GERAL";"TÉCNICO"
"TÉCNICO DE PROC. ADM. PL - CONTÁBIL";"TÉCNICO"
"TÉCNICO DE PROC. ADM. PL - REC. HUMANOS";"TÉCNICO"
"TÉCNICO DE PROCESSOS ADMINISTRATIVOS JR";"TÉCNICO"
"TÉCNICO DE PROCESSOS ADMINISTRATIVOS SR";"TÉCNICO"
"Técnico de Saúde - Radiologia";"TÉCNICO"
"TECNICO DE SEGURANÇA DO TRABALHO II";"TÉCNICO"
"TÉCNICO DE SISTEMA DE TRANSPORTE JR";"TÉCNICO"
"TÉCNICO DE SISTEMA DE TRANSPORTE PL";"TÉCNICO"
"TÉCNICO DE SISTEMA DE TRANSPORTE SR";"TÉCNICO"
"TECNICO EDIFICACOES";"TÉCNICO"
"TECNICO EM EDIFICAÇOES I";"TÉCNICO"
"TECNICO EM EDIFICAÇOES II";"TÉCNICO"
"TECNICO EM EDIFICAÇOES III";"TÉCNICO"
"Técnico em Segurança do Trabalho";"TÉCNICO"
"TÉCNICO EM SEGURANÇA DO TRABALHO";"TÉCNICO"
"22.TÉCNICO EM TRANSPORTE I";"TÉCNICO"
"22.TÉCNICO EM TRANSPORTE II";"TÉCNICO"
"22.TÉCNICO EM TRANSPORTE III";"TÉCNICO"
"TECNICO EM TURISMO";"TÉCNICO"
"Técnico Segurança Trabalho - I";"TÉCNICO"
"TECNOLOGO JR";"TECNOLOGO"
"TECNOLOGO PL";"TECNOLOGO"
"TELEFONISTA";"TELEFONISTA"
"VIGILANTE";"VIGILANTE"
"VIGILANTE SUPERVISOR";"VIGILANTE"
"VIST.VEICULOS/DAI-02";"VIST.VEICULOS/DAI-02"
